{"cameraMode":{"drawMode":0,"name":"Shaded","section":"Shading Mode"},"sceneLighting":false,"audioPlay":false,"sceneViewState":{"showFog":false,"showMaterialUpdate":false,"showSkybox":false,"showFlares":false,"showImageEffects":true,"showParticleSystems":true},"in2DMode":false,"pivot":{"x":-14.283422470092774,"y":-29.310890197753908,"z":5.041389465332031},"rotation":{"x":0.1297035813331604,"y":-0.8658736348152161,"z":0.38544026017189028,"w":0.2913752794265747},"size":53.46974182128906,"orthographic":false}