{"cameraMode":{"drawMode":0,"name":"Shaded","section":"Shading Mode"},"sceneLighting":false,"audioPlay":false,"sceneViewState":{"showFog":false,"showMaterialUpdate":false,"showSkybox":false,"showFlares":false,"showImageEffects":true,"showParticleSystems":true},"in2DMode":false,"pivot":{"x":-0.5112419128417969,"y":0.7675776481628418,"z":0.0411381721496582},"rotation":{"x":-0.07505632936954498,"y":0.8995397686958313,"z":-0.17095693945884705,"w":-0.3949304223060608},"size":18.037353515625,"orthographic":false}